{
  "total_lines": 21367,
  "has_any_pct": 50.10062245518791,
  "has_qty_pct": 18.673655637197548,
  "subs_eligible_pct": 10.17456825946553
}