{
  "total_lines": 85068,
  "has_any_pct": 49.761367376686884,
  "has_qty_pct": 18.81906239714111,
  "subs_eligible_pct": 9.813325809940283
}